Workbook

Sheet Key Findings
A1: KEY FINDINGS - Instamart vs Blinkit, Vizag, 23 Oct 2026, ~7pm (informal audit, 30 items)
A3: Metric | B3: Instamart | C3: Blinkit
A4: Items tested | B4: =COUNTA('Price Comparison'!C2:C31) -> 30 | C4: =COUNTA('Price Comparison'!C2:C31) -> 30
A5: Items in stock | B5: =COUNTIF('Price Comparison'!L2:L31,"Yes") -> 18 | C5: =COUNTIF('Price Comparison'!M2:M31,"Yes") -> 29
A6: Items unavailable (sold out or not listed) | B6: =B4-B5 -> 12 | C6: =C4-C5 -> 1
A7: Availability rate | B7: =B5/B4 -> 0.6 | C7: =C5/C4 -> 0.96666667
A8: Items in stock on BOTH apps | B8: =COUNTIFS('Price Comparison'!L2:L31,"Yes",'Price Comparison'!M2:M31,"Yes") -> 18 | C8: =B8 -> 18
A9: Like-for-like basket (₹) | B9: =SUMIFS('Price Comparison'!F2:F31,'Price Comparison'!L2:L31,"Yes",'Price Comparison'!M2:M31,"Yes") -> 1453 | C9: =SUMIFS('Price Comparison'!G2:G31,'Price Comparison'!L2:L31,"Yes",'Price Comparison'!M2:M31,"Yes") -> 1444
A10: Blinkit minus Instamart (₹) | C10: =C9-B9 -> -9
A11: Difference as % of Instamart basket | C11: =C10/B9 -> -0.0061940812
A12: Items cheaper on this app | B12: =COUNTIF('Price Comparison'!I2:I31,"Instamart") -> 6 | C12: =COUNTIF('Price Comparison'!I2:I31,"Blinkit") -> 6
A13: Items with identical price (tie) | B13: =COUNTIF('Price Comparison'!I2:I31,"Tie") -> 6 | C13: =B13 -> 6
A15: Headline
A16: Items unavailable on at least one app | B16: =COUNTIF('Price Comparison'!N2:N31,"<>In stock on both") -> 12
A17: Cheaper app on like-for-like items | B17: =IF(B9=C9,"Tie",IF(B9<C9,"Instamart","Blinkit")) -> Blinkit
A19: Read: prices are nearly identical on items both apps stock; the real difference is availability. Limits: one city, one time slot, 30 items, single run.

Sheet Price Comparison
A1: No. | B1: Category | C1: Product | D1: Brand / Specification | E1: Required Quantity | F1: Instamart Price (₹) | G1: Blinkit Price (₹) | H1: Lowest Product Price (₹) | I1: Cheapest App | J1: Highest Product Price (₹) | K1: Price Gap (₹) | L1: Instamart Available? | M1: Blinkit Available? | N1: Stock Status
A2: 1 | B2: Dairy, eggs & bakery | C2: Milk | D2: Amul Taaza | E2: 200 ml | F2: 16 | G2: 17 | H2: =IF(AND(L2="Yes",M2="Yes"),MIN(F2:G2),"") -> 16 | I2: =IF(H2="","",IF(F2=G2,"Tie",IF(F2=H2,"Instamart","Blinkit"))) -> Instamart | J2: =IF(AND(L2="Yes",M2="Yes"),MAX(F2:G2),"") -> 17 | K2: =IF(AND(L2="Yes",M2="Yes"),J2-H2,"") -> 1 | L2: Yes | M2: Yes | N2: =IF(AND(L2="Yes",M2="Yes"),"In stock on both",IF(AND(L2="No",M2="No"),"Unavailable on both",IF(L2="No","Unavailable on Instamart","Unavailable on Blinkit"))) -> In stock on both
A3: 2 | B3: Dairy, eggs & bakery | C3: Curd | D3: Amul Masti | E3: 450 g | G3: 33 | H3: =IF(AND(L3="Yes",M3="Yes"),MIN(F3:G3),"") | I3: =IF(H3="","",IF(F3=G3,"Tie",IF(F3=H3,"Instamart","Blinkit"))) | J3: =IF(AND(L3="Yes",M3="Yes"),MAX(F3:G3),"") | K3: =IF(AND(L3="Yes",M3="Yes"),J3-H3,"") | L3: No | M3: Yes | N3: =IF(AND(L3="Yes",M3="Yes"),"In stock on both",IF(AND(L3="No",M3="No"),"Unavailable on both",IF(L3="No","Unavailable on Instamart","Unavailable on Blinkit"))) -> Unavailable on Instamart
A4: 3 | B4: Dairy, eggs & bakery | C4: Eggs | D4: Any standard white eggs | E4: Pack of 6 | F4: 50 | G4: 56 | H4: =IF(AND(L4="Yes",M4="Yes"),MIN(F4:G4),"") -> 50 | I4: =IF(H4="","",IF(F4=G4,"Tie",IF(F4=H4,"Instamart","Blinkit"))) -> Instamart | J4: =IF(AND(L4="Yes",M4="Yes"),MAX(F4:G4),"") -> 56 | K4: =IF(AND(L4="Yes",M4="Yes"),J4-H4,"") -> 6 | L4: Yes | M4: Yes | N4: =IF(AND(L4="Yes",M4="Yes"),"In stock on both",IF(AND(L4="No",M4="No"),"Unavailable on both",IF(L4="No","Unavailable on Instamart","Unavailable on Blinkit"))) -> In stock on both
A5: 4 | B5: Dairy, eggs & bakery | C5: Bread | D5: fresh choice sandwich bread | E5: 400 g | G5: 60 | H5: =IF(AND(L5="Yes",M5="Yes"),MIN(F5:G5),"") | I5: =IF(H5="","",IF(F5=G5,"Tie",IF(F5=H5,"Instamart","Blinkit"))) | J5: =IF(AND(L5="Yes",M5="Yes"),MAX(F5:G5),"") | K5: =IF(AND(L5="Yes",M5="Yes"),J5-H5,"") | L5: No | M5: Yes | N5: =IF(AND(L5="Yes",M5="Yes"),"In stock on both",IF(AND(L5="No",M5="No"),"Unavailable on both",IF(L5="No","Unavailable on Instamart","Unavailable on Blinkit"))) -> Unavailable on Instamart
A6: 5 | B6: Dairy, eggs & bakery | C6: Paneer | D6: Amul | E6: 200 g | G6: 105 | H6: =IF(AND(L6="Yes",M6="Yes"),MIN(F6:G6),"") | I6: =IF(H6="","",IF(F6=G6,"Tie",IF(F6=H6,"Instamart","Blinkit"))) | J6: =IF(AND(L6="Yes",M6="Yes"),MAX(F6:G6),"") | K6: =IF(AND(L6="Yes",M6="Yes"),J6-H6,"") | L6: No | M6: Yes | N6: =IF(AND(L6="Yes",M6="Yes"),"In stock on both",IF(AND(L6="No",M6="No"),"Unavailable on both",IF(L6="No","Unavailable on Instamart","Unavailable on Blinkit"))) -> Unavailable on Instamart
A7: 6 | B7: Dairy, eggs & bakery | C7: Butter | D7: Amul | E7: 100 g | F7: 63 | G7: 63 | H7: =IF(AND(L7="Yes",M7="Yes"),MIN(F7:G7),"") | I7: =IF(H7="","",IF(F7=G7,"Tie",IF(F7=H7,"Instamart","Blinkit"))) | J7: =IF(AND(L7="Yes",M7="Yes"),MAX(F7:G7),"") | K7: =IF(AND(L7="Yes",M7="Yes"),J7-H7,"") | L7: No | M7: Yes | N7: =IF(AND(L7="Yes",M7="Yes"),"In stock on both",IF(AND(L7="No",M7="No"),"Unavailable on both",IF(L7="No","Unavailable on Instamart","Unavailable on Blinkit"))) -> Unavailable on Instamart
A8: 7 | B8: Dairy, eggs & bakery | C8: Cheese slices | D8: Amul | E8: Pack of 10 | F8: 145 | G8: 115 | H8: =IF(AND(L8="Yes",M8="Yes"),MIN(F8:G8),"") -> 115 | I8: =IF(H8="","",IF(F8=G8,"Tie",IF(F8=H8,"Instamart","Blinkit"))) -> Blinkit | J8: =IF(AND(L8="Yes",M8="Yes"),MAX(F8:G8),"") -> 145 | K8: =IF(AND(L8="Yes",M8="Yes"),J8-H8,"") -> 30 | L8: Yes | M8: Yes | N8: =IF(AND(L8="Yes",M8="Yes"),"In stock on both",IF(AND(L8="No",M8="No"),"Unavailable on both",IF(L8="No","Unavailable on Instamart","Unavailable on Blinkit"))) -> In stock on both
A9: 8 | B9: Fruits & vegetables | C9: Tomatoes | D9: Any standard variety | E9: 500 g | F9: 29 | G9: 27 | H9: =IF(AND(L9="Yes",M9="Yes"),MIN(F9:G9),"") -> 27 | I9: =IF(H9="","",IF(F9=G9,"Tie",IF(F9=H9,"Instamart","Blinkit"))) -> Blinkit | J9: =IF(AND(L9="Yes",M9="Yes"),MAX(F9:G9),"") -> 29 | K9: =IF(AND(L9="Yes",M9="Yes"),J9-H9,"") -> 2 | L9: Yes | M9: Yes | N9: =IF(AND(L9="Yes",M9="Yes"),"In stock on both",IF(AND(L9="No",M9="No"),"Unavailable on both",IF(L9="No","Unavailable on Instamart","Unavailable on Blinkit"))) -> In stock on both
A10: 9 | B10: Fruits & vegetables | C10: Onions | D10: Any standard variety | E10: 1 kg | F10: 69 | G10: 69 | H10: =IF(AND(L10="Yes",M10="Yes"),MIN(F10:G10),"") -> 69 | I10: =IF(H10="","",IF(F10=G10,"Tie",IF(F10=H10,"Instamart","Blinkit"))) -> Tie | J10: =IF(AND(L10="Yes",M10="Yes"),MAX(F10:G10),"") -> 69 | K10: =IF(AND(L10="Yes",M10="Yes"),J10-H10,"") -> 0 | L10: Yes | M10: Yes | N10: =IF(AND(L10="Yes",M10="Yes"),"In stock on both",IF(AND(L10="No",M10="No"),"Unavailable on both",IF(L10="No","Unavailable on Instamart","Unavailable on Blinkit"))) -> In stock on both
A11: 10 | B11: Fruits & vegetables | C11: Potatoes | D11: Any standard variety | E11: 1 kg | F11: 47 | G11: 27 | H11: =IF(AND(L11="Yes",M11="Yes"),MIN(F11:G11),"") | I11: =IF(H11="","",IF(F11=G11,"Tie",IF(F11=H11,"Instamart","Blinkit"))) | J11: =IF(AND(L11="Yes",M11="Yes"),MAX(F11:G11),"") | K11: =IF(AND(L11="Yes",M11="Yes"),J11-H11,"") | L11: No | M11: Yes | N11: =IF(AND(L11="Yes",M11="Yes"),"In stock on both",IF(AND(L11="No",M11="No"),"Unavailable on both",IF(L11="No","Unavailable on Instamart","Unavailable on Blinkit"))) -> Unavailable on Instamart
A12: 11 | B12: Fruits & vegetables | C12: Bananas | D12: Any standard variety | E12: 4 pieces | F12: 58 | G12: 39 | H12: =IF(AND(L12="Yes",M12="Yes"),MIN(F12:G12),"") | I12: =IF(H12="","",IF(F12=G12,"Tie",IF(F12=H12,"Instamart","Blinkit"))) | J12: =IF(AND(L12="Yes",M12="Yes"),MAX(F12:G12),"") | K12: =IF(AND(L12="Yes",M12="Yes"),J12-H12,"") | L12: No | M12: Yes | N12: =IF(AND(L12="Yes",M12="Yes"),"In stock on both",IF(AND(L12="No",M12="No"),"Unavailable on both",IF(L12="No","Unavailable on Instamart","Unavailable on Blinkit"))) -> Unavailable on Instamart
A13: 12 | B13: Fruits & vegetables | C13: Apples | D13: Any standard variety | E13: 4 pieces | G13: 162 | H13: =IF(AND(L13="Yes",M13="Yes"),MIN(F13:G13),"") | I13: =IF(H13="","",IF(F13=G13,"Tie",IF(F13=H13,"Instamart","Blinkit"))) | J13: =IF(AND(L13="Yes",M13="Yes"),MAX(F13:G13),"") | K13: =IF(AND(L13="Yes",M13="Yes"),J13-H13,"") | L13: No | M13: Yes | N13: =IF(AND(L13="Yes",M13="Yes"),"In stock on both",IF(AND(L13="No",M13="No"),"Unavailable on both",IF(L13="No","Unavailable on Instamart","Unavailable on Blinkit"))) -> Unavailable on Instamart
A14: 13 | B14: Fruits & vegetables | C14: Green chillies | D14: Any standard variety | E14: 100 g | F14: 12 | G14: 16 | H14: =IF(AND(L14="Yes",M14="Yes"),MIN(F14:G14),"") -> 12 | I14: =IF(H14="","",IF(F14=G14,"Tie",IF(F14=H14,"Instamart","Blinkit"))) -> Instamart | J14: =IF(AND(L14="Yes",M14="Yes"),MAX(F14:G14),"") -> 16 | K14: =IF(AND(L14="Yes",M14="Yes"),J14-H14,"") -> 4 | L14: Yes | M14: Yes | N14: =IF(AND(L14="Yes",M14="Yes"),"In stock on both",IF(AND(L14="No",M14="No"),"Unavailable on both",IF(L14="No","Unavailable on Instamart","Unavailable on Blinkit"))) -> In stock on both
A15: 14 | B15: Fruits & vegetables | C15: Lemons | D15: Any standard variety | E15: Pack of 4 | F15: 48 | G15: 38 | H15: =IF(AND(L15="Yes",M15="Yes"),MIN(F15:G15),"") -> 38 | I15: =IF(H15="","",IF(F15=G15,"Tie",IF(F15=H15,"Instamart","Blinkit"))) -> Blinkit | J15: =IF(AND(L15="Yes",M15="Yes"),MAX(F15:G15),"") -> 48 | K15: =IF(AND(L15="Yes",M15="Yes"),J15-H15,"") -> 10 | L15: Yes | M15: Yes | N15: =IF(AND(L15="Yes",M15="Yes"),"In stock on both",IF(AND(L15="No",M15="No"),"Unavailable on both",IF(L15="No","Unavailable on Instamart","Unavailable on Blinkit"))) -> In stock on both
A16: 15 | B16: Staples & cooking essentials | C16: Atta | D16: Aashirvaad | E16: 1 kg | F16: 66 | G16: 63 | H16: =IF(AND(L16="Yes",M16="Yes"),MIN(F16:G16),"") -> 63 | I16: =IF(H16="","",IF(F16=G16,"Tie",IF(F16=H16,"Instamart","Blinkit"))) -> Blinkit | J16: =IF(AND(L16="Yes",M16="Yes"),MAX(F16:G16),"") -> 66 | K16: =IF(AND(L16="Yes",M16="Yes"),J16-H16,"") -> 3 | L16: Yes | M16: Yes | N16: =IF(AND(L16="Yes",M16="Yes"),"In stock on both",IF(AND(L16="No",M16="No"),"Unavailable on both",IF(L16="No","Unavailable on Instamart","Unavailable on Blinkit"))) -> In stock on both
A17: 16 | B17: Staples & cooking essentials | C17: Rice | D17: India Gate | E17: 1 kg | F17: 150 | G17: 150 | H17: =IF(AND(L17="Yes",M17="Yes"),MIN(F17:G17),"") -> 150 | I17: =IF(H17="","",IF(F17=G17,"Tie",IF(F17=H17,"Instamart","Blinkit"))) -> Tie | J17: =IF(AND(L17="Yes",M17="Yes"),MAX(F17:G17),"") -> 150 | K17: =IF(AND(L17="Yes",M17="Yes"),J17-H17,"") -> 0 | L17: Yes | M17: Yes | N17: =IF(AND(L17="Yes",M17="Yes"),"In stock on both",IF(AND(L17="No",M17="No"),"Unavailable on both",IF(L17="No","Unavailable on Instamart","Unavailable on Blinkit"))) -> In stock on both
A18: 17 | B18: Staples & cooking essentials | C18: Sugar | D18: Madhur | E18: 1 kg | F18: 62 | G18: 65 | H18: =IF(AND(L18="Yes",M18="Yes"),MIN(F18:G18),"") | I18: =IF(H18="","",IF(F18=G18,"Tie",IF(F18=H18,"Instamart","Blinkit"))) | J18: =IF(AND(L18="Yes",M18="Yes"),MAX(F18:G18),"") | K18: =IF(AND(L18="Yes",M18="Yes"),J18-H18,"") | L18: No | M18: No | N18: =IF(AND(L18="Yes",M18="Yes"),"In stock on both",IF(AND(L18="No",M18="No"),"Unavailable on both",IF(L18="No","Unavailable on Instamart","Unavailable on Blinkit"))) -> Unavailable on both
A19: 18 | B19: Staples & cooking essentials | C19: Salt | D19: Tata Salt | E19: 1 kg | F19: 29 | G19: 29 | H19: =IF(AND(L19="Yes",M19="Yes"),MIN(F19:G19),"") -> 29 | I19: =IF(H19="","",IF(F19=G19,"Tie",IF(F19=H19,"Instamart","Blinkit"))) -> Tie | J19: =IF(AND(L19="Yes",M19="Yes"),MAX(F19:G19),"") -> 29 | K19: =IF(AND(L19="Yes",M19="Yes"),J19-H19,"") -> 0 | L19: Yes | M19: Yes | N19: =IF(AND(L19="Yes",M19="Yes"),"In stock on both",IF(AND(L19="No",M19="No"),"Unavailable on both",IF(L19="No","Unavailable on Instamart","Unavailable on Blinkit"))) -> In stock on both
A20: 19 | B20: Staples & cooking essentials | C20: Sunflower oil | D20: Fredom | E20: 1 litre | F20: 169 | G20: 173 | H20: =IF(AND(L20="Yes",M20="Yes"),MIN(F20:G20),"") -> 169 | I20: =IF(H20="","",IF(F20=G20,"Tie",IF(F20=H20,"Instamart","Blinkit"))) -> Instamart | J20: =IF(AND(L20="Yes",M20="Yes"),MAX(F20:G20),"") -> 173 | K20: =IF(AND(L20="Yes",M20="Yes"),J20-H20,"") -> 4 | L20: Yes | M20: Yes | N20: =IF(AND(L20="Yes",M20="Yes"),"In stock on both",IF(AND(L20="No",M20="No"),"Unavailable on both",IF(L20="No","Unavailable on Instamart","Unavailable on Blinkit"))) -> In stock on both
A21: 20 | B21: Staples & cooking essentials | C21: Toor dal | D21: Tata Sampann | E21: 500 g | F21: 113 | G21: 98 | H21: =IF(AND(L21="Yes",M21="Yes"),MIN(F21:G21),"") -> 98 | I21: =IF(H21="","",IF(F21=G21,"Tie",IF(F21=H21,"Instamart","Blinkit"))) -> Blinkit | J21: =IF(AND(L21="Yes",M21="Yes"),MAX(F21:G21),"") -> 113 | K21: =IF(AND(L21="Yes",M21="Yes"),J21-H21,"") -> 15 | L21: Yes | M21: Yes | N21: =IF(AND(L21="Yes",M21="Yes"),"In stock on both",IF(AND(L21="No",M21="No"),"Unavailable on both",IF(L21="No","Unavailable on Instamart","Unavailable on Blinkit"))) -> In stock on both
A22: 21 | B22: Snacks & packaged food | C22: Maggi noodles | D22: Masala | E22: Pack of 2 | F22: 120 | G22: 158 | H22: =IF(AND(L22="Yes",M22="Yes"),MIN(F22:G22),"") -> 120 | I22: =IF(H22="","",IF(F22=G22,"Tie",IF(F22=H22,"Instamart","Blinkit"))) -> Instamart | J22: =IF(AND(L22="Yes",M22="Yes"),MAX(F22:G22),"") -> 158 | K22: =IF(AND(L22="Yes",M22="Yes"),J22-H22,"") -> 38 | L22: Yes | M22: Yes | N22: =IF(AND(L22="Yes",M22="Yes"),"In stock on both",IF(AND(L22="No",M22="No"),"Unavailable on both",IF(L22="No","Unavailable on Instamart","Unavailable on Blinkit"))) -> In stock on both
A23: 22 | B23: Snacks & packaged food | C23: Potato chips | D23: Lay's Classic Salted | E23: 50–55 g | F23: 35 | G23: 20 | H23: =IF(AND(L23="Yes",M23="Yes"),MIN(F23:G23),"") -> 20 | I23: =IF(H23="","",IF(F23=G23,"Tie",IF(F23=H23,"Instamart","Blinkit"))) -> Blinkit | J23: =IF(AND(L23="Yes",M23="Yes"),MAX(F23:G23),"") -> 35 | K23: =IF(AND(L23="Yes",M23="Yes"),J23-H23,"") -> 15 | L23: Yes | M23: Yes | N23: =IF(AND(L23="Yes",M23="Yes"),"In stock on both",IF(AND(L23="No",M23="No"),"Unavailable on both",IF(L23="No","Unavailable on Instamart","Unavailable on Blinkit"))) -> In stock on both
A24: 23 | B24: Snacks & packaged food | C24: Biscuits | D24: Parle-G | E24: 250 g | F24: 30 | G24: 30 | H24: =IF(AND(L24="Yes",M24="Yes"),MIN(F24:G24),"") -> 30 | I24: =IF(H24="","",IF(F24=G24,"Tie",IF(F24=H24,"Instamart","Blinkit"))) -> Tie | J24: =IF(AND(L24="Yes",M24="Yes"),MAX(F24:G24),"") -> 30 | K24: =IF(AND(L24="Yes",M24="Yes"),J24-H24,"") -> 0 | L24: Yes | M24: Yes | N24: =IF(AND(L24="Yes",M24="Yes"),"In stock on both",IF(AND(L24="No",M24="No"),"Unavailable on both",IF(L24="No","Unavailable on Instamart","Unavailable on Blinkit"))) -> In stock on both
A25: 24 | B25: Snacks & packaged food | C25: Chocolate | D25: Cadbury Dairy Milk | E25: 40–50 g | F25: 52 | G25: 52 | H25: =IF(AND(L25="Yes",M25="Yes"),MIN(F25:G25),"") -> 52 | I25: =IF(H25="","",IF(F25=G25,"Tie",IF(F25=H25,"Instamart","Blinkit"))) -> Tie | J25: =IF(AND(L25="Yes",M25="Yes"),MAX(F25:G25),"") -> 52 | K25: =IF(AND(L25="Yes",M25="Yes"),J25-H25,"") -> 0 | L25: Yes | M25: Yes | N25: =IF(AND(L25="Yes",M25="Yes"),"In stock on both",IF(AND(L25="No",M25="No"),"Unavailable on both",IF(L25="No","Unavailable on Instamart","Unavailable on Blinkit"))) -> In stock on both
A26: 25 | B26: Snacks & packaged food | C26: Instant coffee | D26: Nescafé Classic | E26: 45 g | F26: 210 | G26: 210 | H26: =IF(AND(L26="Yes",M26="Yes"),MIN(F26:G26),"") -> 210 | I26: =IF(H26="","",IF(F26=G26,"Tie",IF(F26=H26,"Instamart","Blinkit"))) -> Tie | J26: =IF(AND(L26="Yes",M26="Yes"),MAX(F26:G26),"") -> 210 | K26: =IF(AND(L26="Yes",M26="Yes"),J26-H26,"") -> 0 | L26: Yes | M26: Yes | N26: =IF(AND(L26="Yes",M26="Yes"),"In stock on both",IF(AND(L26="No",M26="No"),"Unavailable on both",IF(L26="No","Unavailable on Instamart","Unavailable on Blinkit"))) -> In stock on both
A27: 26 | B27: Snacks & packaged food | C27: Oats | D27: Saffola | E27: 500 g | G27: 199 | H27: =IF(AND(L27="Yes",M27="Yes"),MIN(F27:G27),"") | I27: =IF(H27="","",IF(F27=G27,"Tie",IF(F27=H27,"Instamart","Blinkit"))) | J27: =IF(AND(L27="Yes",M27="Yes"),MAX(F27:G27),"") | K27: =IF(AND(L27="Yes",M27="Yes"),J27-H27,"") | L27: No | M27: Yes | N27: =IF(AND(L27="Yes",M27="Yes"),"In stock on both",IF(AND(L27="No",M27="No"),"Unavailable on both",IF(L27="No","Unavailable on Instamart","Unavailable on Blinkit"))) -> Unavailable on Instamart
A28: 27 | B28: Household & personal care | C28: Dishwash bar | D28: Vim | E28: 275 g | G28: 20 | H28: =IF(AND(L28="Yes",M28="Yes"),MIN(F28:G28),"") | I28: =IF(H28="","",IF(F28=G28,"Tie",IF(F28=H28,"Instamart","Blinkit"))) | J28: =IF(AND(L28="Yes",M28="Yes"),MAX(F28:G28),"") | K28: =IF(AND(L28="Yes",M28="Yes"),J28-H28,"") | L28: No | M28: Yes | N28: =IF(AND(L28="Yes",M28="Yes"),"In stock on both",IF(AND(L28="No",M28="No"),"Unavailable on both",IF(L28="No","Unavailable on Instamart","Unavailable on Blinkit"))) -> Unavailable on Instamart
A29: 28 | B29: Household & personal care | C29: Laundry detergent powder | D29: Surf Excel | E29: 500 g | F29: 110 | G29: 123 | H29: =IF(AND(L29="Yes",M29="Yes"),MIN(F29:G29),"") -> 110 | I29: =IF(H29="","",IF(F29=G29,"Tie",IF(F29=H29,"Instamart","Blinkit"))) -> Instamart | J29: =IF(AND(L29="Yes",M29="Yes"),MAX(F29:G29),"") -> 123 | K29: =IF(AND(L29="Yes",M29="Yes"),J29-H29,"") -> 13 | L29: Yes | M29: Yes | N29: =IF(AND(L29="Yes",M29="Yes"),"In stock on both",IF(AND(L29="No",M29="No"),"Unavailable on both",IF(L29="No","Unavailable on Instamart","Unavailable on Blinkit"))) -> In stock on both
A30: 29 | B30: Household & personal care | C30: Bathing soap | D30: Lux | E30: 150 g | G30: 158 | H30: =IF(AND(L30="Yes",M30="Yes"),MIN(F30:G30),"") | I30: =IF(H30="","",IF(F30=G30,"Tie",IF(F30=H30,"Instamart","Blinkit"))) | J30: =IF(AND(L30="Yes",M30="Yes"),MAX(F30:G30),"") | K30: =IF(AND(L30="Yes",M30="Yes"),J30-H30,"") | L30: No | M30: Yes | N30: =IF(AND(L30="Yes",M30="Yes"),"In stock on both",IF(AND(L30="No",M30="No"),"Unavailable on both",IF(L30="No","Unavailable on Instamart","Unavailable on Blinkit"))) -> Unavailable on Instamart
A31: 30 | B31: Household & personal care | C31: Toothpaste | D31: Colgate Strong Teeth | E31: 150 g | G31: 99 | H31: =IF(AND(L31="Yes",M31="Yes"),MIN(F31:G31),"") | I31: =IF(H31="","",IF(F31=G31,"Tie",IF(F31=H31,"Instamart","Blinkit"))) | J31: =IF(AND(L31="Yes",M31="Yes"),MAX(F31:G31),"") | K31: =IF(AND(L31="Yes",M31="Yes"),J31-H31,"") | L31: No | M31: Yes | N31: =IF(AND(L31="Yes",M31="Yes"),"In stock on both",IF(AND(L31="No",M31="No"),"Unavailable on both",IF(L31="No","Unavailable on Instamart","Unavailable on Blinkit"))) -> Unavailable on Instamart
A33: Note: Available = "No" means the exact item could not be added to cart (sold out or not listed). A price with "No" means the price was shown but the item was sold out. Lowest/Highest/Cheapest/Gap are calculated only for items in stock on BOTH apps.
A34: Pack sizes and variants were checked and are identical on both apps for every compared item.
A35: Curd: Instamart does not list the Amul Masti 450 g pouch in this area; the closest item (Amul Masti 1 kg tub, ₹110) was sold out. Counted as unavailable.

Sheet Category Analysis
A1: Category | B1: Instamart Total (₹) - items in stock on both | C1: Blinkit Total (₹) - items in stock on both | D1: Cheapest Category App | E1: Items Compared
A2: Dairy, eggs & bakery | B2: =SUMIFS('Price Comparison'!$F$2:$F$31,'Price Comparison'!$B$2:$B$31,A2,'Price Comparison'!$L$2:$L$31,"Yes",'Price Comparison'!$M$2:$M$31,"Yes") -> 211 | C2: =SUMIFS('Price Comparison'!$G$2:$G$31,'Price Comparison'!$B$2:$B$31,A2,'Price Comparison'!$L$2:$L$31,"Yes",'Price Comparison'!$M$2:$M$31,"Yes") -> 188 | D2: =IF(B2=C2,"Tie",IF(B2<C2,"Instamart","Blinkit")) -> Blinkit | E2: =COUNTIFS('Price Comparison'!$B$2:$B$31,A2,'Price Comparison'!$L$2:$L$31,"Yes",'Price Comparison'!$M$2:$M$31,"Yes") -> 3
A3: Fruits & vegetables | B3: =SUMIFS('Price Comparison'!$F$2:$F$31,'Price Comparison'!$B$2:$B$31,A3,'Price Comparison'!$L$2:$L$31,"Yes",'Price Comparison'!$M$2:$M$31,"Yes") -> 158 | C3: =SUMIFS('Price Comparison'!$G$2:$G$31,'Price Comparison'!$B$2:$B$31,A3,'Price Comparison'!$L$2:$L$31,"Yes",'Price Comparison'!$M$2:$M$31,"Yes") -> 150 | D3: =IF(B3=C3,"Tie",IF(B3<C3,"Instamart","Blinkit")) -> Blinkit | E3: =COUNTIFS('Price Comparison'!$B$2:$B$31,A3,'Price Comparison'!$L$2:$L$31,"Yes",'Price Comparison'!$M$2:$M$31,"Yes") -> 4
A4: Staples & cooking essentials | B4: =SUMIFS('Price Comparison'!$F$2:$F$31,'Price Comparison'!$B$2:$B$31,A4,'Price Comparison'!$L$2:$L$31,"Yes",'Price Comparison'!$M$2:$M$31,"Yes") -> 527 | C4: =SUMIFS('Price Comparison'!$G$2:$G$31,'Price Comparison'!$B$2:$B$31,A4,'Price Comparison'!$L$2:$L$31,"Yes",'Price Comparison'!$M$2:$M$31,"Yes") -> 513 | D4: =IF(B4=C4,"Tie",IF(B4<C4,"Instamart","Blinkit")) -> Blinkit | E4: =COUNTIFS('Price Comparison'!$B$2:$B$31,A4,'Price Comparison'!$L$2:$L$31,"Yes",'Price Comparison'!$M$2:$M$31,"Yes") -> 5
A5: Snacks & packaged food | B5: =SUMIFS('Price Comparison'!$F$2:$F$31,'Price Comparison'!$B$2:$B$31,A5,'Price Comparison'!$L$2:$L$31,"Yes",'Price Comparison'!$M$2:$M$31,"Yes") -> 447 | C5: =SUMIFS('Price Comparison'!$G$2:$G$31,'Price Comparison'!$B$2:$B$31,A5,'Price Comparison'!$L$2:$L$31,"Yes",'Price Comparison'!$M$2:$M$31,"Yes") -> 470 | D5: =IF(B5=C5,"Tie",IF(B5<C5,"Instamart","Blinkit")) -> Instamart | E5: =COUNTIFS('Price Comparison'!$B$2:$B$31,A5,'Price Comparison'!$L$2:$L$31,"Yes",'Price Comparison'!$M$2:$M$31,"Yes") -> 5
A6: Household & personal care | B6: =SUMIFS('Price Comparison'!$F$2:$F$31,'Price Comparison'!$B$2:$B$31,A6,'Price Comparison'!$L$2:$L$31,"Yes",'Price Comparison'!$M$2:$M$31,"Yes") -> 110 | C6: =SUMIFS('Price Comparison'!$G$2:$G$31,'Price Comparison'!$B$2:$B$31,A6,'Price Comparison'!$L$2:$L$31,"Yes",'Price Comparison'!$M$2:$M$31,"Yes") -> 123 | D6: =IF(B6=C6,"Tie",IF(B6<C6,"Instamart","Blinkit")) -> Instamart | E6: =COUNTIFS('Price Comparison'!$B$2:$B$31,A6,'Price Comparison'!$L$2:$L$31,"Yes",'Price Comparison'!$M$2:$M$31,"Yes") -> 1
A8: Totals include only items in stock on both apps, so the two columns are directly comparable.

Sheet Basket Summary
A1: INSTAMART vs BLINKIT — BASKET SUMMARY (Vizag audit)
A2: Prices and availability come from the Price Comparison sheet. Totals below count in-stock items only.
A4: Metric | B4: Instamart | C4: Blinkit
A5: Sum of prices of in-stock items (₹) | B5: =SUMIF('Price Comparison'!L2:L31,"Yes",'Price Comparison'!F2:F31) -> 1453 | C5: =SUMIF('Price Comparison'!M2:M31,"Yes",'Price Comparison'!G2:G31) -> 2409
A6: Products with a price shown | B6: =COUNT('Price Comparison'!F2:F31) -> 22 | C6: =COUNT('Price Comparison'!G2:G31) -> 30
A7: Products in stock (Available = Yes) | B7: =COUNTIF('Price Comparison'!L2:L31,"Yes") -> 18 | C7: =COUNTIF('Price Comparison'!M2:M31,"Yes") -> 29
A8: Delivery fee (₹) — enter below | B8: 0 | C8: 0
A9: Handling / platform fees (₹) — enter below | B9: 11.98 | C9: 10
A10: Extra coupon applied (₹) - none; item discounts are already in the listed prices | B10: 0 | C10: 0
A11: Final total for each app's own in-stock items (₹) - NOT like-for-like | B11: =B5+B8+B9-B10 -> 1464.98 | C11: =C5+C8+C9-C10 -> 2419
A13: Cheaper app on like-for-like items | B13: ='Key Findings'!B17 -> Blinkit
A15: Data collection details
A16: City / delivery area | B16: vizag
A17: Date collected | B17: 10-23-2026
A18: Approx. collection time | B18: Prices and availability recorded ~7pm; screenshots taken later (~8:42-9:59pm) as evidence
A19: Membership / coupon notes | B19: Instamart: Swiggy One (free delivery) + Maxxsaver shown in app. Blinkit: free delivery by order value, no coupon.
A21: Notes | B21: Price with Available = No means shown but out of stock. Blinkit checkout (screenshot) showed items total ₹2,409 (saved ₹344 vs MRP), which equals the sheet total, so the ₹344 is an item-level discount already in the prices, not a coupon. Row 11 compares different baskets; use Key Findings for like-for-like.
